{
  "COA": {
    "nodes": [
      {
        "interactionName": "InteractionRoot.C2WInteractionRoot.CAN",
        "DataField": "16",
        "ID18B": "COA",
        "ID11B": "FTP75Speed",
        "name": "Action",
        "nodeType": "Action",
        "ID": "112d8033-ce56-1eba-9a5f-1ce6a42e3b06"
      },
      {
        "time": 24500,
        "minBranchesToSync": "-1",
        "name": "SyncPoint",
        "nodeType": "SyncPoint",
        "ID": "d4dd4bfa-70f7-5fb0-e0e3-d9951fd384ad"
      },
      {
        "interactionName": "InteractionRoot.C2WInteractionRoot.CAN",
        "DataField": "0",
        "ID18B": "COA",
        "ID11B": "FTP75Speed",
        "name": "Action",
        "nodeType": "Action",
        "ID": "8e05fa9f-6baa-3a87-b027-1146771cde42"
      },
      {
        "interactionName": "InteractionRoot.C2WInteractionRoot.CAN",
        "DataField": "9",
        "ID18B": "COA",
        "ID11B": "FTP75Speed",
        "name": "Action",
        "nodeType": "Action",
        "ID": "17cbaed7-c147-9a4d-d419-4b8d0ff099e6"
      },
      {
        "time": 4000,
        "minBranchesToSync": "-1",
        "name": "SyncPoint",
        "nodeType": "SyncPoint",
        "ID": "49d6b3a6-0040-c8b3-7d00-acb8be921d0d"
      },
      {
        "interactionName": "InteractionRoot.C2WInteractionRoot.CAN",
        "DataField": "25",
        "ID18B": "COA",
        "ID11B": "FTP75Speed",
        "name": "Action",
        "nodeType": "Action",
        "ID": "3da2a137-28fd-a7e3-0831-773a285529e1"
      },
      {
        "interactionName": "InteractionRoot.C2WInteractionRoot.CAN",
        "DataField": "13",
        "ID18B": "COA",
        "ID11B": "FTP75Speed",
        "name": "Action",
        "nodeType": "Action",
        "ID": "d21e793f-b610-2ae2-e945-d4eff31011b3"
      },
      {
        "time": 15000,
        "minBranchesToSync": "-1",
        "name": "SyncPoint",
        "nodeType": "SyncPoint",
        "ID": "1d611b93-1f64-1348-fce5-30d378ff420a"
      },
      {
        "interactionName": "InteractionRoot.C2WInteractionRoot.CAN",
        "DataField": "3",
        "ID18B": "COA",
        "ID11B": "FTP75Speed",
        "name": "Action",
        "nodeType": "Action",
        "ID": "1baefbe2-68ae-1058-d6ed-3127bb1c636a"
      },
      {
        "interactionName": "InteractionRoot.C2WInteractionRoot.CAN",
        "DataField": "0",
        "ID18B": "COA",
        "ID11B": "FTP75Speed",
        "name": "Action",
        "nodeType": "Action",
        "ID": "542bc369-739f-1ba8-14d4-8fc016635521"
      },
      {
        "interactionName": "InteractionRoot.C2WInteractionRoot.CAN",
        "DataField": "6",
        "ID18B": "COA",
        "ID11B": "FTP75Speed",
        "name": "Action",
        "nodeType": "Action",
        "ID": "f4ef78c8-8bba-c18c-d62e-e26f7acaafad"
      },
      {
        "interactionName": "InteractionRoot.C2WInteractionRoot.CAN",
        "DataField": "6",
        "ID18B": "COA",
        "ID11B": "FTP75Speed",
        "name": "Action",
        "nodeType": "Action",
        "ID": "b58def2f-e4b7-7680-1d23-69e2c6f826d3"
      },
      {
        "interactionName": "InteractionRoot.C2WInteractionRoot.CAN",
        "DataField": "12",
        "ID18B": "COA",
        "ID11B": "FTP75Speed",
        "name": "Action",
        "nodeType": "Action",
        "ID": "d1052aee-e59e-0127-a9ba-85bf4d0f5f3d"
      },
      {
        "interactionName": "InteractionRoot.C2WInteractionRoot.CAN",
        "DataField": "19",
        "ID18B": "COA",
        "ID11B": "FTP75Speed",
        "name": "Action",
        "nodeType": "Action",
        "ID": "d524edcc-4f54-838d-c97e-d719776f568f"
      },
      {
        "interactionName": "InteractionRoot.C2WInteractionRoot.CAN",
        "DataField": "16",
        "ID18B": "COA",
        "ID11B": "FTP75Speed",
        "name": "Action",
        "nodeType": "Action",
        "ID": "a63bd87f-9d1c-4efa-6c8d-7381f58c0f22"
      },
      {
        "interactionName": "InteractionRoot.C2WInteractionRoot.CAN",
        "DataField": "9",
        "ID18B": "COA",
        "ID11B": "FTP75Speed",
        "name": "Action",
        "nodeType": "Action",
        "ID": "a3f55ee5-8872-5e35-87e2-03081a3f51f9"
      },
      {
        "interactionName": "InteractionRoot.C2WInteractionRoot.CAN",
        "DataField": "17",
        "ID18B": "COA",
        "ID11B": "FTP75Speed",
        "name": "Action",
        "nodeType": "Action",
        "ID": "0b338610-7bc4-2239-c680-4c91dcc009e4"
      },
      {
        "interactionName": "InteractionRoot.C2WInteractionRoot.CAN",
        "DataField": "3",
        "ID18B": "COA",
        "ID11B": "FTP75Speed",
        "name": "Action",
        "nodeType": "Action",
        "ID": "4d258c8d-c6d6-5ac8-6f0c-133a862eb319"
      },
      {
        "interactionName": "InteractionRoot.C2WInteractionRoot.CAN",
        "DataField": "19",
        "ID18B": "COA",
        "ID11B": "FTP75Speed",
        "name": "Action",
        "nodeType": "Action",
        "ID": "adff7396-df14-b2a0-cb18-c0ba380dc7b3"
      },
      {
        "interactionName": "InteractionRoot.C2WInteractionRoot.CAN",
        "DataField": "22",
        "ID18B": "COA",
        "ID11B": "FTP75Speed",
        "name": "Action",
        "nodeType": "Action",
        "ID": "fbf94857-a9ac-bf01-5a23-d85906e7a757"
      },
      {
        "interactionName": "InteractionRoot.C2WInteractionRoot.CAN",
        "DataField": "21",
        "ID18B": "COA",
        "ID11B": "FTP75Speed",
        "name": "Action",
        "nodeType": "Action",
        "ID": "4453b889-422c-cb3f-9894-d92524b986a6"
      },
      {
        "interactionName": "InteractionRoot.C2WInteractionRoot.CAN",
        "DataField": "17",
        "ID18B": "COA",
        "ID11B": "FTP75Speed",
        "name": "Action",
        "nodeType": "Action",
        "ID": "40c831ad-0d7e-0888-d2ca-d457b53195e7"
      },
      {
        "interactionName": "InteractionRoot.C2WInteractionRoot.CAN",
        "DataField": "26",
        "ID18B": "COA",
        "ID11B": "FTP75Speed",
        "name": "Action",
        "nodeType": "Action",
        "ID": "38ad9370-fd71-6d16-8a84-6414da263845"
      },
      {
        "interactionName": "InteractionRoot.C2WInteractionRoot.CAN",
        "DataField": "22",
        "ID18B": "COA",
        "ID11B": "FTP75Speed",
        "name": "Action",
        "nodeType": "Action",
        "ID": "60819bac-aad8-095a-203d-7634f9418ab3"
      },
      {
        "interactionName": "InteractionRoot.C2WInteractionRoot.CAN",
        "DataField": "24",
        "ID18B": "COA",
        "ID11B": "FTP75Speed",
        "name": "Action",
        "nodeType": "Action",
        "ID": "bbd955b8-77d1-dbd3-3cb8-f1bec473dd31"
      },
      {
        "time": 24000,
        "minBranchesToSync": "-1",
        "name": "SyncPoint",
        "nodeType": "SyncPoint",
        "ID": "ee2c98d0-96d5-e701-b950-0cc595701a9a"
      },
      {
        "time": 25000,
        "minBranchesToSync": "-1",
        "name": "SyncPoint",
        "nodeType": "SyncPoint",
        "ID": "b3cc3b6b-ea04-a73b-8e59-231c2a4ead3b"
      },
      {
        "time": 27000,
        "minBranchesToSync": "-1",
        "name": "SyncPoint",
        "nodeType": "SyncPoint",
        "ID": "c940be1b-38a9-5deb-f128-1538d6c1b6f7"
      },
      {
        "time": 26500,
        "minBranchesToSync": "-1",
        "name": "SyncPoint",
        "nodeType": "SyncPoint",
        "ID": "66c10d64-1b4d-87a7-e94a-1943abd6eaa1"
      },
      {
        "time": "0",
        "minBranchesToSync": "-1",
        "name": "SyncPoint",
        "nodeType": "SyncPoint",
        "ID": "6c59f203-17da-8daa-dbd7-14a6192bcacd"
      },
      {
        "time": 1500,
        "minBranchesToSync": "-1",
        "name": "SyncPoint",
        "nodeType": "SyncPoint",
        "ID": "a8d0d6dc-6aef-6180-706a-027db9be2c8d"
      },
      {
        "time": 2000,
        "minBranchesToSync": "-1",
        "name": "SyncPoint",
        "nodeType": "SyncPoint",
        "ID": "9c0fdcc4-de43-0f37-7f6d-91c1e710d2cb"
      },
      {
        "time": 2500,
        "minBranchesToSync": "-1",
        "name": "SyncPoint",
        "nodeType": "SyncPoint",
        "ID": "b8b7666f-ada4-8de5-3406-0a4f6d78af63"
      },
      {
        "time": 3000,
        "minBranchesToSync": "-1",
        "name": "SyncPoint",
        "nodeType": "SyncPoint",
        "ID": "723ab5ae-40a3-a9ab-6a01-d7d4398f487b"
      },
      {
        "time": 11000,
        "minBranchesToSync": "-1",
        "name": "SyncPoint",
        "nodeType": "SyncPoint",
        "ID": "42b44f81-1f85-3194-b88b-f7a67c0ae9ad"
      },
      {
        "time": 13000,
        "minBranchesToSync": "-1",
        "name": "SyncPoint",
        "nodeType": "SyncPoint",
        "ID": "d0eb0544-111f-b11f-da18-5fbf5beea337"
      },
      {
        "time": 14000,
        "minBranchesToSync": "-1",
        "name": "SyncPoint",
        "nodeType": "SyncPoint",
        "ID": "2d8d61bd-d351-4863-2dea-e1b7dd410802"
      },
      {
        "time": 17500,
        "minBranchesToSync": "-1",
        "name": "SyncPoint",
        "nodeType": "SyncPoint",
        "ID": "31de83ae-3b72-e916-59f0-d04a2df296f9"
      },
      {
        "time": 20500,
        "minBranchesToSync": "-1",
        "name": "SyncPoint",
        "nodeType": "SyncPoint",
        "ID": "02199913-63e3-46ff-2b82-9f5aff86271b"
      },
      {
        "time": 21000,
        "minBranchesToSync": "-1",
        "name": "SyncPoint",
        "nodeType": "SyncPoint",
        "ID": "c5292e23-9036-837d-2516-2aa773619c94"
      },
      {
        "time": 21500,
        "minBranchesToSync": "-1",
        "name": "SyncPoint",
        "nodeType": "SyncPoint",
        "ID": "7e9c911a-fd34-f781-f4e2-1db03146d93e"
      },
      {
        "time": 23500,
        "minBranchesToSync": "-1",
        "name": "SyncPoint",
        "nodeType": "SyncPoint",
        "ID": "c89ae063-3f74-e1e6-d12c-9ba7d09b9755"
      },
      {
        "time": 25500,
        "minBranchesToSync": "-1",
        "name": "SyncPoint",
        "nodeType": "SyncPoint",
        "ID": "f35c7938-f6f9-e8c8-c0df-146e6707c18e"
      },
      {
        "time": 26000,
        "minBranchesToSync": "-1",
        "name": "SyncPoint",
        "nodeType": "SyncPoint",
        "ID": "681a4726-c866-db70-370b-78cee0aaa947"
      }
    ],
    "edges": [
      {
        "name": "COAFlow",
        "type": "COAFlow",
        "ID": "370a6a52-39c4-fbe5-3273-ee986996f7c2",
        "fromNode": "f4ef78c8-8bba-c18c-d62e-e26f7acaafad",
        "toNode": "b8b7666f-ada4-8de5-3406-0a4f6d78af63"
      },
      {
        "name": "COAFlow",
        "type": "COAFlow",
        "ID": "20bd32a5-4609-9da2-a492-129dae9fe45f",
        "fromNode": "681a4726-c866-db70-370b-78cee0aaa947",
        "toNode": "b58def2f-e4b7-7680-1d23-69e2c6f826d3"
      },
      {
        "name": "COAFlow",
        "type": "COAFlow",
        "ID": "f0208789-6709-15cf-3cae-d729dad9ff16",
        "fromNode": "b58def2f-e4b7-7680-1d23-69e2c6f826d3",
        "toNode": "66c10d64-1b4d-87a7-e94a-1943abd6eaa1"
      },
      {
        "name": "COAFlow",
        "type": "COAFlow",
        "ID": "16213361-8e11-13ba-a0a1-bc806626942d",
        "fromNode": "66c10d64-1b4d-87a7-e94a-1943abd6eaa1",
        "toNode": "4d258c8d-c6d6-5ac8-6f0c-133a862eb319"
      },
      {
        "name": "COAFlow",
        "type": "COAFlow",
        "ID": "49f963b0-8a54-50b7-73a0-49a4c077e9c2",
        "fromNode": "4d258c8d-c6d6-5ac8-6f0c-133a862eb319",
        "toNode": "c940be1b-38a9-5deb-f128-1538d6c1b6f7"
      },
      {
        "name": "COAFlow",
        "type": "COAFlow",
        "ID": "9274a0c5-c710-f740-607a-59fd8ef653a6",
        "fromNode": "6c59f203-17da-8daa-dbd7-14a6192bcacd",
        "toNode": "542bc369-739f-1ba8-14d4-8fc016635521"
      },
      {
        "name": "COAFlow",
        "type": "COAFlow",
        "ID": "83afeae7-96f8-d528-084f-18762a0b6209",
        "fromNode": "c940be1b-38a9-5deb-f128-1538d6c1b6f7",
        "toNode": "8e05fa9f-6baa-3a87-b027-1146771cde42"
      },
      {
        "name": "COAFlow",
        "type": "COAFlow",
        "ID": "4df2e3e4-b8fe-535a-2be3-2d26eeea3618",
        "fromNode": "542bc369-739f-1ba8-14d4-8fc016635521",
        "toNode": "a8d0d6dc-6aef-6180-706a-027db9be2c8d"
      },
      {
        "name": "COAFlow",
        "type": "COAFlow",
        "ID": "73e87184-59b0-bcb8-677e-b5d027e40480",
        "fromNode": "a8d0d6dc-6aef-6180-706a-027db9be2c8d",
        "toNode": "1baefbe2-68ae-1058-d6ed-3127bb1c636a"
      },
      {
        "name": "COAFlow",
        "type": "COAFlow",
        "ID": "ec0abaee-ee86-5954-90d0-f6ecb829278e",
        "fromNode": "1baefbe2-68ae-1058-d6ed-3127bb1c636a",
        "toNode": "9c0fdcc4-de43-0f37-7f6d-91c1e710d2cb"
      },
      {
        "name": "COAFlow",
        "type": "COAFlow",
        "ID": "a57b30fe-56a0-6f33-cae7-a01ca716e240",
        "fromNode": "9c0fdcc4-de43-0f37-7f6d-91c1e710d2cb",
        "toNode": "f4ef78c8-8bba-c18c-d62e-e26f7acaafad"
      },
      {
        "name": "COAFlow",
        "type": "COAFlow",
        "ID": "5aeb5c64-9a90-2b94-8ac2-a528598a64b6",
        "fromNode": "b8b7666f-ada4-8de5-3406-0a4f6d78af63",
        "toNode": "17cbaed7-c147-9a4d-d419-4b8d0ff099e6"
      },
      {
        "name": "COAFlow",
        "type": "COAFlow",
        "ID": "b886826f-cbfb-caff-b1e4-79baa1d27fca",
        "fromNode": "17cbaed7-c147-9a4d-d419-4b8d0ff099e6",
        "toNode": "723ab5ae-40a3-a9ab-6a01-d7d4398f487b"
      },
      {
        "name": "COAFlow",
        "type": "COAFlow",
        "ID": "28931d07-39bc-812c-8061-8c6f752610c8",
        "fromNode": "723ab5ae-40a3-a9ab-6a01-d7d4398f487b",
        "toNode": "d21e793f-b610-2ae2-e945-d4eff31011b3"
      },
      {
        "name": "COAFlow",
        "type": "COAFlow",
        "ID": "b313689b-8c39-ab00-7cba-2810b945e7a3",
        "fromNode": "d21e793f-b610-2ae2-e945-d4eff31011b3",
        "toNode": "49d6b3a6-0040-c8b3-7d00-acb8be921d0d"
      },
      {
        "name": "COAFlow",
        "type": "COAFlow",
        "ID": "69d38a4d-6b4f-3bae-c74f-e6660e59e600",
        "fromNode": "49d6b3a6-0040-c8b3-7d00-acb8be921d0d",
        "toNode": "40c831ad-0d7e-0888-d2ca-d457b53195e7"
      },
      {
        "name": "COAFlow",
        "type": "COAFlow",
        "ID": "186ebf25-4ce4-0004-b0aa-30be84f029df",
        "fromNode": "40c831ad-0d7e-0888-d2ca-d457b53195e7",
        "toNode": "42b44f81-1f85-3194-b88b-f7a67c0ae9ad"
      },
      {
        "name": "COAFlow",
        "type": "COAFlow",
        "ID": "cd45c216-2cec-5eaf-d433-013067b5a958",
        "fromNode": "42b44f81-1f85-3194-b88b-f7a67c0ae9ad",
        "toNode": "112d8033-ce56-1eba-9a5f-1ce6a42e3b06"
      },
      {
        "name": "COAFlow",
        "type": "COAFlow",
        "ID": "8627c317-4e72-a5be-250c-6ecbe51ba8a0",
        "fromNode": "112d8033-ce56-1eba-9a5f-1ce6a42e3b06",
        "toNode": "d0eb0544-111f-b11f-da18-5fbf5beea337"
      },
      {
        "name": "COAFlow",
        "type": "COAFlow",
        "ID": "2f922d84-33d5-4bc0-8fdd-b031ab7ca3c2",
        "fromNode": "d0eb0544-111f-b11f-da18-5fbf5beea337",
        "toNode": "0b338610-7bc4-2239-c680-4c91dcc009e4"
      },
      {
        "name": "COAFlow",
        "type": "COAFlow",
        "ID": "ae29272e-0838-ebd2-756d-fa84779a6e37",
        "fromNode": "0b338610-7bc4-2239-c680-4c91dcc009e4",
        "toNode": "2d8d61bd-d351-4863-2dea-e1b7dd410802"
      },
      {
        "name": "COAFlow",
        "type": "COAFlow",
        "ID": "04c56a67-f3bc-aaad-3854-2704092b3689",
        "fromNode": "2d8d61bd-d351-4863-2dea-e1b7dd410802",
        "toNode": "adff7396-df14-b2a0-cb18-c0ba380dc7b3"
      },
      {
        "name": "COAFlow",
        "type": "COAFlow",
        "ID": "832698a0-e767-ab83-52ed-317cc194b4fe",
        "fromNode": "adff7396-df14-b2a0-cb18-c0ba380dc7b3",
        "toNode": "1d611b93-1f64-1348-fce5-30d378ff420a"
      },
      {
        "name": "COAFlow",
        "type": "COAFlow",
        "ID": "502942c4-eb66-4370-5700-2f37dc831c90",
        "fromNode": "1d611b93-1f64-1348-fce5-30d378ff420a",
        "toNode": "4453b889-422c-cb3f-9894-d92524b986a6"
      },
      {
        "name": "COAFlow",
        "type": "COAFlow",
        "ID": "92d36c27-4e9d-3326-05c5-99bf2b9c8e1a",
        "fromNode": "4453b889-422c-cb3f-9894-d92524b986a6",
        "toNode": "31de83ae-3b72-e916-59f0-d04a2df296f9"
      },
      {
        "name": "COAFlow",
        "type": "COAFlow",
        "ID": "c29fa9a5-f060-024b-82cc-950c0cecf850",
        "fromNode": "31de83ae-3b72-e916-59f0-d04a2df296f9",
        "toNode": "60819bac-aad8-095a-203d-7634f9418ab3"
      },
      {
        "name": "COAFlow",
        "type": "COAFlow",
        "ID": "f9fc6831-69f0-a1d0-c722-b651666852cb",
        "fromNode": "60819bac-aad8-095a-203d-7634f9418ab3",
        "toNode": "02199913-63e3-46ff-2b82-9f5aff86271b"
      },
      {
        "name": "COAFlow",
        "type": "COAFlow",
        "ID": "414f015c-9f1d-4ace-b606-88aa36f0962e",
        "fromNode": "02199913-63e3-46ff-2b82-9f5aff86271b",
        "toNode": "bbd955b8-77d1-dbd3-3cb8-f1bec473dd31"
      },
      {
        "name": "COAFlow",
        "type": "COAFlow",
        "ID": "12781801-8445-a5a0-5566-db90943ebd73",
        "fromNode": "bbd955b8-77d1-dbd3-3cb8-f1bec473dd31",
        "toNode": "c5292e23-9036-837d-2516-2aa773619c94"
      },
      {
        "name": "COAFlow",
        "type": "COAFlow",
        "ID": "972e6c99-5a5d-9b80-d85e-6e0bef67b6f3",
        "fromNode": "c5292e23-9036-837d-2516-2aa773619c94",
        "toNode": "3da2a137-28fd-a7e3-0831-773a285529e1"
      },
      {
        "name": "COAFlow",
        "type": "COAFlow",
        "ID": "b91734eb-ab2d-9b17-3e23-9e18a82736d2",
        "fromNode": "3da2a137-28fd-a7e3-0831-773a285529e1",
        "toNode": "7e9c911a-fd34-f781-f4e2-1db03146d93e"
      },
      {
        "name": "COAFlow",
        "type": "COAFlow",
        "ID": "eded7a02-023a-8d3e-f6ad-dd16622ce667",
        "fromNode": "7e9c911a-fd34-f781-f4e2-1db03146d93e",
        "toNode": "38ad9370-fd71-6d16-8a84-6414da263845"
      },
      {
        "name": "COAFlow",
        "type": "COAFlow",
        "ID": "1849ede4-7359-f8b8-4c3b-434fee02533f",
        "fromNode": "38ad9370-fd71-6d16-8a84-6414da263845",
        "toNode": "c89ae063-3f74-e1e6-d12c-9ba7d09b9755"
      },
      {
        "name": "COAFlow",
        "type": "COAFlow",
        "ID": "1573e3ad-3be7-42a5-c91a-0ee3be7d1d31",
        "fromNode": "c89ae063-3f74-e1e6-d12c-9ba7d09b9755",
        "toNode": "fbf94857-a9ac-bf01-5a23-d85906e7a757"
      },
      {
        "name": "COAFlow",
        "type": "COAFlow",
        "ID": "415cb188-d047-d35c-6e7b-c2b53ee77c6e",
        "fromNode": "fbf94857-a9ac-bf01-5a23-d85906e7a757",
        "toNode": "ee2c98d0-96d5-e701-b950-0cc595701a9a"
      },
      {
        "name": "COAFlow",
        "type": "COAFlow",
        "ID": "27bd4471-0393-cfe1-95f5-74c00f192804",
        "fromNode": "ee2c98d0-96d5-e701-b950-0cc595701a9a",
        "toNode": "d524edcc-4f54-838d-c97e-d719776f568f"
      },
      {
        "name": "COAFlow",
        "type": "COAFlow",
        "ID": "a3e09cc4-c7b5-b12d-350c-e5782cf8c633",
        "fromNode": "d524edcc-4f54-838d-c97e-d719776f568f",
        "toNode": "d4dd4bfa-70f7-5fb0-e0e3-d9951fd384ad"
      },
      {
        "name": "COAFlow",
        "type": "COAFlow",
        "ID": "76522a80-cde6-d144-9a47-f5111b125997",
        "fromNode": "d4dd4bfa-70f7-5fb0-e0e3-d9951fd384ad",
        "toNode": "a63bd87f-9d1c-4efa-6c8d-7381f58c0f22"
      },
      {
        "name": "COAFlow",
        "type": "COAFlow",
        "ID": "65378ca7-41b9-55e9-6e33-c881b716f2ba",
        "fromNode": "a63bd87f-9d1c-4efa-6c8d-7381f58c0f22",
        "toNode": "b3cc3b6b-ea04-a73b-8e59-231c2a4ead3b"
      },
      {
        "name": "COAFlow",
        "type": "COAFlow",
        "ID": "086be3e6-2a77-4db9-2ea0-1172531e4d65",
        "fromNode": "b3cc3b6b-ea04-a73b-8e59-231c2a4ead3b",
        "toNode": "d1052aee-e59e-0127-a9ba-85bf4d0f5f3d"
      },
      {
        "name": "COAFlow",
        "type": "COAFlow",
        "ID": "55d31c70-9a85-56a6-ddb6-4f139483c16a",
        "fromNode": "d1052aee-e59e-0127-a9ba-85bf4d0f5f3d",
        "toNode": "f35c7938-f6f9-e8c8-c0df-146e6707c18e"
      },
      {
        "name": "COAFlow",
        "type": "COAFlow",
        "ID": "3d6d497b-d930-c587-2dac-610253ab04f6",
        "fromNode": "f35c7938-f6f9-e8c8-c0df-146e6707c18e",
        "toNode": "a3f55ee5-8872-5e35-87e2-03081a3f51f9"
      },
      {
        "name": "COAFlow",
        "type": "COAFlow",
        "ID": "aeec828b-085d-612c-b443-6b9533d69aa3",
        "fromNode": "a3f55ee5-8872-5e35-87e2-03081a3f51f9",
        "toNode": "681a4726-c866-db70-370b-78cee0aaa947"
      }
    ]
  }
}